,Brand Name,Name of Product,Rating,No of Ratings,Price,Return/Exchange,Expected Delivery,Availability,Other details,Product URL
0,Fire-Boltt,"  Blast 1400 Over -Ear Bluetooth Wireless Headphones with 25H Playtime, Thumping Bass, Lightweight Foldable Compact Design with Google/Siri Voice Assistance",4.1 out of 5 stars,"3,520 ratings","₹ 2,499.00",7 Days Replacement,"Saturday, April 24",In stock.,"Brand Fire-Boltt---Manufacturer Fire-Boltt, Boltt Games Pvt Ltd---Model BH1400---Model Name BH1400---Product Dimensions 8 x 19 x 25 cm; 100 Grams---Batteries 1 Lithium ion batteries required. (included)---Item model number BH1400---Special Features Foldable---Mounting Hardware 1 Headphone. 1 Charger Cable, 1 Aux, 1 Manual---Number Of Items 1---Microphone Form Factor Built-In---Headphones Form Factor Over Ear---Batteries Included Yes---Batteries Required Yes---Battery Cell Composition Lithium Ion---Connector Type Wireless---Material Aluminium---Includes Rechargable Battery Yes---Manufacturer Fire-Boltt---Country of Origin China---Item Weight 100 g",https://www.amazon.in/gp/slredirect/picassoRedirect.html/ref=pa_sp_atf_aps_sr_pg1_1?ie=UTF8&adId=A0360053DZO4XAFUVMWY&url=%2FFire-Boltt-Bluetooth-Headphones-Lightweight-Assistance%2Fdp%2FB0814GJNKG%2Fref%3Dsr_1_1_sspa%3Fdchild%3D1%26keywords%3Dheadphones%26qid%3D1619093829%26sr%3D8-1-spons%26psc%3D1&qualifier=1619093829&id=4550347381539116&widgetName=sp_atf
1,boAt,  Rockerz 450 Bluetooth On-Ear Headphone with Mic(Luscious Black),4.0 out of 5 stars,"21,368 ratings","₹ 1,499.00",7 Days Replacement,"Saturday, April 24",In stock.,"Brand Boat---Manufacturer Imagine Marketing Pvt Ltd, Imagine Marketing Pvt Ltd., 255, Guru Gobind Industrial Estate, Jay Coach, Goregaon East, Mumbai, Maharashtra- 400063---Model Rockerz 450---Model Name Rockerz 450---Product Dimensions 17.5 x 7.8 x 17.6 cm; 200 Grams---Batteries 1 Lithium ion batteries required. (included)---Item model number Rockerz 450---Compatible Devices All Bluetooth Devices---Special Features Android Phone Control, IOS Phone Control, Lightweight, Volume-Control, Foldable, Microphone Feature---Mounting Hardware User Manual, Rockerz 450, Warranty Card, Charging Cable---Number Of Items 4---Microphone Form Factor In-Line;Built-In---Headphones Form Factor On Ear---Batteries Included Yes---Batteries Required Yes---Battery Cell Composition Lithium---Connector Type Wireless---Includes Rechargable Battery Yes---Manufacturer Imagine Marketing Pvt Ltd---Country of Origin China---Item Weight 200 g",https://www.amazon.in/gp/slredirect/picassoRedirect.html/ref=pa_sp_atf_aps_sr_pg1_1?ie=UTF8&adId=A00543312YD54X25M25WJ&url=%2FRockerz-450-Wireless-Bluetooth-Headphone%2Fdp%2FB07PR1CL3S%2Fref%3Dsr_1_2_sspa%3Fdchild%3D1%26keywords%3Dheadphones%26qid%3D1619093829%26sr%3D8-2-spons%26psc%3D1&qualifier=1619093829&id=4550347381539116&widgetName=sp_atf
2,pTron,"  Boom Ultima 4D Dual Driver, in-Ear Gaming Wired Headphones with in-line Mic, Volume Control & Passive Noise Cancelling Boom 3 Earphones - (Dark Blue)",3.8 out of 5 stars,"14,804 ratings",₹ 499.00,7 Days Replacement,"Tuesday, April 27",In stock.,"Brand PTron---Manufacturer Palred Technology Shenzhen Co Ltd, Building A1, Red Box Creative Park, No. 3 Huancheng South Road, Bantian Street, Longgang District, Shenzhen City, China 518116.---Model Boom Ultima---Model Name Boom Ultima---Product Dimensions 120 x 0.8 x 0.8 cm; 30 Grams---Item model number Boom Ultima---Hardware Platform Laptop, PC, Tablet, Smartphone---Compatible Devices All Smartphones, Tablets & Other Devices with 3.5mm Audio Interface---Special Features High Bass Dual Driver Earphones; In-Ear Design; Ergonomic Earbuds; Clear Voice & Stereo Sound Audio; Built-in Mic; Volume & Music Controls; Voice Assistant; Lightweight; Durable Headphones; Universal 3.5mm Audio Jack Gold-plated; 1.2m Tangle-free Cable; Widely Compatible with 3.5mm Aux Connector Devices; 1-Year Warranty---Mounting Hardware 1 Wired Earphone, 1 Zip Pouch, Extra Ear tips---Number Of Items 2---Audio Output Mode Stereo---Microphone Form Factor In-Line---Headphones Form Factor In Ear---Batteries Required No---Connector Type Wired---Material Plastic---Manufacturer Palred Technology Shenzhen Co Ltd---Country of Origin China---Imported By Palred Electronics Pvt. Ltd.---Item Weight 30 g",https://www.amazon.in/Boom-Ultima-Headphones-Cancelling-Earphones/dp/B08D75R3Z1/ref=sr_1_3?dchild=1&keywords=headphones&qid=1619093829&sr=8-3
3,Boult,"  Audio Bass Buds Q2 Over-Ear Wired Lightweight Stereo Headphones, Deep Bass & in-Built Mic, Headset with Comfortable Ear Cushions, Long Cord (Black)",3.9 out of 5 stars,"1,930 ratings",₹ 499.00,7 Days Replacement,"Saturday, April 24",In stock.,"Brand Boult Audio---Manufacturer Exotic Mile, Manufaturer - Exotic Mile, 9555-602-502---Model BassBud Q2 Wired---Model Name BassBud---Product Dimensions 18 x 22 x 9 cm; 150 Grams---Item model number BassBud Q2 Wired---Hardware Platform Laptop, PC, Tablet---Compatible Devices Windows, IOS, Android---Special Features Over-ear---Mounting Hardware Q2 Headphone---Number Of Items 1---Microphone Form Factor In-Line, Built-In---Headphones Form Factor Over Ear---Batteries Required No---Connector Type Wired---Manufacturer Exotic Mile---Country of Origin China---Item Weight 150 g",https://www.amazon.in/Boult-Audio-Wired-Lightweight-Comfortable/dp/B08FY4FG5X/ref=sr_1_4?dchild=1&keywords=headphones&qid=1619093829&sr=8-4
4,boAt,  Bassheads 900 On Ear Wired Headphones(Carbon Black),4.2 out of 5 stars,"33,052 ratings",₹ 749.00,7 Days Replacement,"Saturday, April 24",In stock.,"Brand Boat---Manufacturer Imagine Marketing Pvt Ltd, Imagine Marketing Pvt Ltd., 255, Guru Gobind Industrial Estate, Jay Coach, Goregaon East, Mumbai, Maharashtra- 400063---Model Bassheads 900 Black---Model Name BassHeads---Product Dimensions 19 x 15 x 3.1 cm; 150 Grams---Batteries 1 Lithium ion batteries required.---Item model number Bassheads 900 Black---Compatible Devices All 3.5mm Jack device---Special Features Android Phone Control, IOS Phone Control, Tangle-Free Cord, Lightweight, Foldable, Microphone Feature---Mounting Hardware Warranty Card, Bassheads 900---Number Of Items 2---Microphone Form Factor With Microphone---Headphones Form Factor On Ear---Batteries Included No---Batteries Required No---Battery Cell Composition Lithium Ion---Connector Type Wired---Manufacturer Imagine Marketing Pvt Ltd---Country of Origin China---Item Weight 150 g",https://www.amazon.in/Boat-BassHeads-900-Wired-Headphone/dp/B074ZF7PVZ/ref=sr_1_5?dchild=1&keywords=headphones&qid=1619093829&sr=8-5
5,boAt,"  Rockerz 550 Over-Ear Wireless Headphone with Ergonomic Aesthetics, Plush Padded Earcups, Immersive Audio, Bluetooth v5.0 & Upto 20H Playback (Black)",4.1 out of 5 stars,"7,382 ratings","₹ 1,999.00",7 Days Replacement,"Saturday, April 24",In stock.,"Brand Boat---Manufacturer boAt---Model Rockerz 550---Model Name Rockerz 550---Product Dimensions 16.2 x 8.6 x 22.4 cm; 245 Grams---Batteries 1 Lithium ion batteries required. (included)---Item model number Rockerz 550---Compatible Devices Windows, iOS, Android---Special Features Over-ear---Mounting Hardware 1xRockerz 550, 1xUSB Charging Cable, 1xAUX Cable---Number Of Items 1---Microphone Form Factor With microphone---Headphones Form Factor Over Ear---Batteries Included Yes---Batteries Required Yes---Battery Cell Composition Lithium---Connector Type Bluetooth---Manufacturer boAt---Country of Origin China---Item Weight 245 g",https://www.amazon.in/Boat-Rockerz-550-Headphone-Aesthetics/dp/B0856HY85J/ref=sr_1_6?dchild=1&keywords=headphones&qid=1619093829&sr=8-6
6,boAt,  Rockerz 450 Bluetooth On-Ear Headphone with Mic(Luscious Black),4.0 out of 5 stars,"21,368 ratings","₹ 1,499.00",7 Days Replacement,"Saturday, April 24",In stock.,"Brand Boat---Manufacturer Imagine Marketing Pvt Ltd, Imagine Marketing Pvt Ltd., 255, Guru Gobind Industrial Estate, Jay Coach, Goregaon East, Mumbai, Maharashtra- 400063---Model Rockerz 450---Model Name Rockerz 450---Product Dimensions 17.5 x 7.8 x 17.6 cm; 200 Grams---Batteries 1 Lithium ion batteries required. (included)---Item model number Rockerz 450---Compatible Devices All Bluetooth Devices---Special Features Android Phone Control, IOS Phone Control, Lightweight, Volume-Control, Foldable, Microphone Feature---Mounting Hardware User Manual, Rockerz 450, Warranty Card, Charging Cable---Number Of Items 4---Microphone Form Factor In-Line;Built-In---Headphones Form Factor On Ear---Batteries Included Yes---Batteries Required Yes---Battery Cell Composition Lithium---Connector Type Wireless---Includes Rechargable Battery Yes---Manufacturer Imagine Marketing Pvt Ltd---Country of Origin China---Item Weight 200 g",https://www.amazon.in/Rockerz-450-Wireless-Bluetooth-Headphone/dp/B07PR1CL3S/ref=sr_1_7?dchild=1&keywords=headphones&qid=1619093829&sr=8-7
7,JBL,  C100SI In-Ear Deep Bass Headphones with Mic (Black),4.0 out of 5 stars,"132,743 ratings",₹ 649.00,7 Days Replacement,"Saturday, April 24",,"Brand JBL---Manufacturer Harman International Industries, Inc---Model JBLC100SIUBLK---Model Name C100SI---Model Year 2016---Product Dimensions 6 x 3 x 17.5 cm; 50 Grams---Item model number JBLC100SIUBLK---Compatible Devices Audio Player , Laptop, Mobile, Tablet---Special Features With microphone---Mounting Hardware Headphones, 3 x Ear Tips, Warranty and Safety Card---Number Of Items 1---Colour Screen No---Microphone Form Factor With Microphone---Microphone Technology With microphone---Headphones Form Factor In Ear---Voltage 0.1 Volts---Batteries Included No---Batteries Required No---Connector Type Wired---Contains Liquid Contents No---Has Self Timer No---Remote Control Included? No---Manufacturer Harman International Industries, Inc---Country of Origin China---Imported By Harman International (India) Pvt Ltd, Prestige Technology Park, 4th Floor, Jupiter 2A, Marathali Ring Rod, Bangalore 560103, India---Item Weight 50 g",https://www.amazon.in/JBL-C100SI-Ear-Headphones-Black/dp/B01DEWVZ2C/ref=sr_1_8?dchild=1&keywords=headphones&qid=1619093829&smid=A14CZOWI0VEHLG&sr=8-8
8,pTron,"  Studio Over-Ear Bluetooth 5.0 Wireless Headphones, Hi-Fi Sound with Deep Bass, 12Hrs Playback, Ergonomic & Lightweight Wireless Headset, Soft Cushions Earpads, Aux Port & Mic - (Black)",3.9 out of 5 stars,"2,582 ratings",₹ 799.00,7 Days Replacement,"Saturday, April 24",,"Brand PTron---Manufacturer Palred Technology Shenzen Co Ltd---Model Studio---Model Name Studio---Product Dimensions 17 x 3.5 x 17 cm; 150 Grams---Batteries 1 Lithium Polymer batteries required. (included)---Item model number Studio---Compatible Devices Tablets, Laptop/Desktop Computer, Other Bluetooth Enabled Audio Devices, All Smartphones---Special Features Wireless---Mounting Hardware Headphones, Manual, Aux Cable, Charging Cable---Number Of Items 4---Microphone Form Factor With microphone---Headphones Form Factor Over Ear---Battery Average Life 12 Hours---Batteries Included Yes---Batteries Required Yes---Battery Cell Composition Lithium Polymer---Connector Type Wireless---Material Plastic---Has Self Timer No---Manufacturer Palred Technology Shenzen Co Ltd---Country of Origin China---Imported By Palred Electronics Pvt. Ltd., Plot no. 2, 8-2-703/2/B, Road no. 12, Banjara Hills, Hyderabad – 500034 India---Item Weight 150 g",https://www.amazon.in/pTron-Studio-Wireless-Bluetooth-Headphones/dp/B07XL8HFNC/ref=sr_1_9?dchild=1&keywords=headphones&qid=1619093829&smid=A14CZOWI0VEHLG&sr=8-9
9,boAt,  Rockerz 510 Bluetooth On-Ear Headphone with Mic(Furious Blue),4.3 out of 5 stars,"29,987 ratings","₹ 1,899.00",7 Days Replacement,"Saturday, April 24",In stock.,"Brand Boat---Manufacturer Imagine Marketing Pvt Ltd, Imagine Marketing Pvt Ltd., 255, Guru Gobind Industrial Estate, Jay Coach, Goregaon East, Mumbai, Maharashtra- 400063---Model Rockerz-510---Model Name Rockerz---Product Dimensions 19 x 7.5 x 20 cm; 230 Grams---Batteries 1 Lithium Polymer batteries required. (included)---Item model number rockerz-510---Hardware Platform PC, Tablet, Smartphone---Compatible Devices IOS and Android devices---Special Features Wireless---Mounting Hardware User Manual, Warranty Card, Charging Cable, Rockerz 510---Number Of Items 4---Microphone Form Factor With microphone---Headphones Form Factor On Ear---Battery Average Life 20 Hours---Batteries Included Yes---Batteries Required Yes---Battery Cell Composition Lithium Polymer---Connector Type Wireless---Material Faux Leather, Aluminum---Includes Rechargable Battery Yes---Manufacturer Imagine Marketing Pvt Ltd---Country of Origin China---Item Weight 230 g",https://www.amazon.in/Boat-Rockerz-510-Bluetooth-Headphones/dp/B0749D4QM9/ref=sr_1_10?dchild=1&keywords=headphones&qid=1619093829&sr=8-10
10,Lumiford,"  HD70 Over-Ear Wireless HD True Bass Headphones with Built-in mic, Dual Phone Connection Technology, Google/Siri Voice Assistance and Multi-Connection (AUX/FM/SD Card) (Black)",4.6 out of 5 stars,14 ratings,"₹ 1,999.00",7 Days Replacement,April 24 - May 6,"In stock on April 27, 2021.
Order it now.","Brand LUMIFORD---Manufacturer LUMIFORD PRIVATE LIMITED,5th Floor Urmila Heights , Banjara Hills - 10 , Hyderabad - 500034,, Ph -04048502927 | Toll free no. 1800-121-1258 | mail:service@lumiford.com---Model HD70---Model Name HD70---Model Year 2020---Product Dimensions 16 x 19.5 x 7.2 cm; 181 Grams---Batteries 1 Lithium Polymer batteries required. (included)---Item model number HD70---Hardware Platform Smartphone---Compatible Devices Laptop, Tablet, Mobile---Special Features Lightweight, Volume-Control, Foldable, Microphone Feature---Amplifier Type Transistor---Mounting Hardware 1 headphone, warranty card, user manual---Number Of Items 1---Microphone Form Factor Built-In---Microphone Technology Bidirectional---Headphones Form Factor Over Ear---Batteries Included Yes---Batteries Required Yes---Battery Cell Composition Lithium Polymer---Connector Type Wireless, Bluetooth---Material Faux Leather---Form Factor Over-ear---Includes Rechargable Battery Yes---Manufacturer LUMIFORD PRIVATE LIMITED,5th Floor Urmila Heights , Banjara Hills - 10 , Hyderabad - 500034,---Country of Origin China---Item Weight 181 g",https://www.amazon.in/gp/slredirect/picassoRedirect.html/ref=pa_sp_mtf_aps_sr_pg1_1?ie=UTF8&adId=A03620363VV9XT3I5LZ3N&url=%2FHD70-Headphones-Connection-Technology-Multi-Connection%2Fdp%2FB08W4L71GG%2Fref%3Dsr_1_11_sspa%3Fdchild%3D1%26keywords%3Dheadphones%26qid%3D1619093829%26sr%3D8-11-spons%26psc%3D1&qualifier=1619093829&id=4550347381539116&widgetName=sp_mtf
11,Behringer,"  HPX2000 High-Definition DJ Headphones, Black",3.5 out of 5 stars,102 ratings,"₹ 1,995.00",7 Days Replacement,"Monday, April 26",Only 1 left in stock.,Product Dimensions 20.19 x 17.2 x 9.7 cm; 308.44 Grams---Item model number HPX2000---Colour Black---Size HPX2000: High-Definition DJ Headphones---Item Weight 308 g---Manufacturer Behringer---Imported By Alphatec Audio Video Pvt Ltd,https://www.amazon.in/gp/slredirect/picassoRedirect.html/ref=pa_sp_mtf_aps_sr_pg1_1?ie=UTF8&adId=A07328923IFS2LQ5N99W9&url=%2FBehringer-HPX2000-High-Definition-DJ-Headphones%2Fdp%2FB000IKWBC2%2Fref%3Dsr_1_12_sspa%3Fdchild%3D1%26keywords%3Dheadphones%26qid%3D1619093829%26sr%3D8-12-spons%26psc%3D1%26smid%3DAJRK4JF48YXA&qualifier=1619093829&id=4550347381539116&widgetName=sp_mtf
12,Infinity,"  Glide 510 by Harman, 72 Hrs Playtime with Quick Charge, Wireless On Ear Headphone with Mic, Deep Bass, Dual Equalizer, Bluetooth 5.0 with Voice Assistant Support for Mobile Phones (Black)",4.1 out of 5 stars,"18,952 ratings","₹ 1,699.00",7 Days Replacement,"Saturday, April 24",,"Brand Infinity---Manufacturer Harman, HARMAN International Industries, Incorporated 8500 Balboa Boulevard, Northridge, CA 91329 USA---Model Glide 510---Model Name Glide---Product Dimensions 6 x 3 x 3 cm; 110 Grams---Batteries 1 Lithium Polymer batteries required. (included)---Item model number Glide 510---Special Features On-ear, Collapsible---Mounting Hardware 1x Headphone, 1x QSG, 1x Charging Cable---Number Of Items 1---Microphone Form Factor Built-In---Headphones Form Factor On Ear---Batteries Included Yes---Batteries Required Yes---Battery Cell Composition Lithium Polymer---Connector Type Bluetooth---Includes Rechargable Battery Yes---Has Self Timer No---Manufacturer Harman---Country of Origin China---Item Weight 110 g",https://www.amazon.in/Infinity-Glide-510-Headphone-Equalizer/dp/B0873L7J6X/ref=sr_1_13?dchild=1&keywords=headphones&qid=1619093829&smid=A14CZOWI0VEHLG&sr=8-13
13,Cosmic,"  Byte GS430 Gaming Headphone, 7 Color RGB LED and Microphone for PC, PS5, Xbox, Mobiles, Tablets, Laptops (Black)",4.1 out of 5 stars,"1,363 ratings",₹ 999.00,7 Days Replacement,"Saturday, April 24",In stock.,-,https://www.amazon.in/Cosmic-Byte-GS430-Microphone-Black/dp/B0859KTNZ8/ref=sr_1_14?dchild=1&keywords=headphones&qid=1619093829&sr=8-14
14,boAt,  Rockerz 450 Pro Bluetooth On-Ear Headphone with Mic(Aqua Blue),3.9 out of 5 stars,171 ratings,"₹ 1,999.00",7 Days Replacement,"Monday, April 26",In stock.,"Brand Boat---Manufacturer Imagine Marketing Pvt Ltd, info@imaginemarketingindia.com---Model Rockerz 450 Pro---Model Name Rockerz 450 Pro---Product Dimensions 18 x 8 x 19 cm; 168 Grams---Batteries 1 Lithium ion batteries required. (included)---Item model number Rockerz 450 Pro---Special Features Android Phone Control, IOS Phone Control, Lightweight, Volume-Control, Microphone Feature---Mounting Hardware Rockerz 450 Pro---Number Of Items 5---Headphones Form Factor On Ear---Batteries Included Yes---Batteries Required Yes---Battery Cell Composition Lithium---Connector Type Wireless---Includes Rechargable Battery Yes---Manufacturer Imagine Marketing Pvt Ltd---Country of Origin China---Item Weight 168 g",https://www.amazon.in/Rockerz-450-Pro-Bluetooth-Headphone/dp/B08XY25RYK/ref=sr_1_15?dchild=1&keywords=headphones&qid=1619093829&sr=8-15
15,boAt,  Bassheads 242 in Ear Wired Earphones with Mic(Active Black),4.1 out of 5 stars,"31,662 ratings",₹ 499.00,7 Days Replacement,"Monday, April 26",,"Brand Boat---Manufacturer Imagine Marketing Pvt Ltd, Imagine Marketing Pvt Ltd., 255, Guru Gobind Industrial Estate, Jay Coach, Goregaon East, Mumbai, Maharashtra- 400063---Model Bassheads 242 Black---Model Name Bassheads 242---Product Dimensions 120 x 1 x 1 cm; 14 Grams---Item model number Bassheads 242 Black---Compatible Devices All 3.5mm Jack device---Special Features Android Phone Control, Tangle-Free Cord, IOS Phone Control, Lightweight, Volume-Control, Water Resistant---Mounting Hardware Carry Pouch, Warranty Card, Additional Earbuds, Bassheads 242---Number Of Items 4---Microphone Form Factor In-Line;Built-In---Headphones Form Factor In Ear---Batteries Included No---Batteries Required No---Connector Type Wired---Has Self Timer No---Manufacturer Imagine Marketing Pvt Ltd---Country of Origin China---Item Weight 14 g",https://www.amazon.in/Boat-Bassheads-242-Earphones-Resistance/dp/B07S9S86BF/ref=sr_1_16?dchild=1&keywords=headphones&qid=1619093829&smid=A14CZOWI0VEHLG&sr=8-16
16,Zebronics,"  Zeb-Thunder Wireless BT Headphone Comes with 40mm Drivers, AUX Connectivity, Built in FM, Call Function, 9Hrs* Playback time and Supports Micro SD Card (Red)",3.8 out of 5 stars,"15,371 ratings",₹ 749.00,7 Days Replacement,"Monday, April 26",In stock.,"Brand ZEBRONICS---Manufacturer CHINA ELECTRONICS SHENZHEN COMPANY, 35/F,ELECTRONICSSCIENCE&TECHBLDG.,2070ASHENNAHZHONGLU,CHINA---Model ZEB-Thunder---Model Name ZEB-Thunder---Product Dimensions 8.4 x 15.4 x 22.2 cm; 270 Grams---Batteries 1 Lithium ion batteries required. (included)---Item model number ZEB-Thunder---Compatible Devices All Android Mobile Phones, Tablets, IPhone & IPAD---Special Features Wireless---Mounting Hardware 1 headphone---Number Of Items 1---Microphone Form Factor Built-In---Headphones Form Factor Over Ear---Batteries Included Yes---Batteries Required No---Battery Cell Composition Lithium---Connector Type Bluetooth, Wired---Manufacturer CHINA ELECTRONICS SHENZHEN COMPANY---Country of Origin China---Imported By ZEBRONICS INDIA PVT LTD, NO : 118, POONAMMALE HIGH ROAD , VEPERY---Item Weight 270 g",https://www.amazon.in/Zebronics-Zeb-Thunder-Bluetooth-Headphone-Input/dp/B07L8LTS3J/ref=sr_1_17?dchild=1&keywords=headphones&qid=1619093829&sr=8-17
17,iBall,  Kids Diva Wired Headphone with in line Volume Controller (Violet and Pink),3.7 out of 5 stars,"1,392 ratings",₹ 508.00,7 Days Replacement,"Saturday, April 24",In stock.,"Brand IBall---Manufacturer iBall, 87, Mistry Industrial Complex, MIDC Cross Road ""A"" Andheri (E), Mumbai 400 093. Maharashtra India Toll free No. 18002666409---Model IBall Kids Diva---Model Name IBall Kids Diva---Product Dimensions 16.5 x 14.3 x 5.8 cm; 77 Grams---Item model number iBall Kids Diva---Special Features Volume control---Mounting Hardware Headset---Microphone Form Factor Without Mic---Headphones Form Factor Over Ear---Batteries Included No---Batteries Required No---Connector Type Wired---Material Faux Leather---Manufacturer iBall---Country of Origin China---Imported By Best IT World (India) Pvt Ltd---Item Weight 77 g",https://www.amazon.in/iBall-Kids-Diva-Headphone-Controller/dp/B07VKVYLQ7/ref=sr_1_18?dchild=1&keywords=headphones&qid=1619093829&sr=8-18
18,Sennheiser,  HD 206 507364 Headphones (Black),4.1 out of 5 stars,"7,067 ratings","₹ 1,490.00",7 Days Replacement,"Saturday, April 24",In stock.,"Brand Sennheiser---Manufacturer Sennheiser---Model HD 206---Model Name HD 206---Model Year 2016---Product Dimensions 4 x 16 x 18 cm; 215 Grams---Item model number HD 206---Compatible Devices Cell phones, tablets, computers, portable audio players and studio recorders---Special Features High-quality leatherette ear pads---Mounting Hardware CX 7.00BT In-Ear Wireless Headset, USB Charging Cable, Ear Adaptor Set (XS, S, M, L), Soft Storage Pouch, Manuals (Safety Guide and Quick Guide)---Number Of Items 1---Microphone Form Factor No Microphone---Headphones Form Factor Over Ear---Batteries Included No---Batteries Required No---Connector Type Wired---Material Faux Leather---Has Auto Focus No---Remote Control Included? No---Programmable Buttons No---Manufacturer Sennheiser---Country of Origin China---Imported By Sennheiser Electronics India Pvt Ltd. 104-ABC, 1st Floor, Time Tower, M.G Road, Gurgaon-122002. Haryana.---Item Weight 215 g",https://www.amazon.in/Sennheiser-HD-206-507364-Headphones/dp/B01N7S0IPR/ref=sr_1_19?dchild=1&keywords=headphones&qid=1619093829&sr=8-19
19,Logitech,"  H111 Wired Headset, Stereo Headphones with Noise-Cancelling Microphone, 3.5 mm Audio Jack, PC/Mac/Laptop/Smartphone/Tablet - Black",4.0 out of 5 stars,"1,742 ratings",₹ 795.00,7 Days Replacement,"Saturday, April 24",In stock.,"Brand Logitech---Manufacturer Logitech---Series H111---Colour Black---Item Height 6.5 Inches---Item Width 2.75 Inches---Product Dimensions 16.51 x 6.99 x 16.51 cm; 136.08 Grams---Item model number 981-000588---Hardware Platform Mac---Are Batteries Included No---Included Components Stereo Headset, User documentation---Manufacturer Logitech---Country of Origin China---Item Weight 136 g",https://www.amazon.in/Logitech-H111-Stero-Headset-Black/dp/B00Y4ORQ46/ref=sr_1_20?dchild=1&keywords=headphones&qid=1619093829&sr=8-20
20,boAt,  Rockerz 510 Bluetooth On-Ear Headphone with Mic(Furious Blue),4.3 out of 5 stars,"29,987 ratings","₹ 1,899.00",7 Days Replacement,"Saturday, April 24",In stock.,"Brand Boat---Manufacturer Imagine Marketing Pvt Ltd, Imagine Marketing Pvt Ltd., 255, Guru Gobind Industrial Estate, Jay Coach, Goregaon East, Mumbai, Maharashtra- 400063---Model Rockerz-510---Model Name Rockerz---Product Dimensions 19 x 7.5 x 20 cm; 230 Grams---Batteries 1 Lithium Polymer batteries required. (included)---Item model number rockerz-510---Hardware Platform PC, Tablet, Smartphone---Compatible Devices IOS and Android devices---Special Features Wireless---Mounting Hardware User Manual, Warranty Card, Charging Cable, Rockerz 510---Number Of Items 4---Microphone Form Factor With microphone---Headphones Form Factor On Ear---Battery Average Life 20 Hours---Batteries Included Yes---Batteries Required Yes---Battery Cell Composition Lithium Polymer---Connector Type Wireless---Material Faux Leather, Aluminum---Includes Rechargable Battery Yes---Manufacturer Imagine Marketing Pvt Ltd---Country of Origin China---Item Weight 230 g",https://www.amazon.in/gp/slredirect/picassoRedirect.html/ref=pa_sp_btf_aps_sr_pg1_1?ie=UTF8&adId=A064569865YQ2N5MXP5W&url=%2FBoat-Rockerz-510-Bluetooth-Headphones%2Fdp%2FB0749D4QM9%2Fref%3Dsr_1_21_sspa%3Fdchild%3D1%26keywords%3Dheadphones%26qid%3D1619093829%26sr%3D8-21-spons%26psc%3D1&qualifier=1619093829&id=4550347381539116&widgetName=sp_btf
21,RSFuture,"  MDR-XB450 Wired Extra Bass On-Ear Headphones with Tangle Free Cable, 3.5 mm Jack, Headset with Mic for Phone Calls (White)",3.1 out of 5 stars,310 ratings,₹ 299.00,7 Days Replacement,April 30 - May 1,In stock.,"Brand RSFuture---Manufacturer RSFuture, rangeelaimmitation07@gmail.com---Model MobiQwick MDR-XB450---Product Dimensions 8 x 6 x 2.5 cm; 165 Grams---Item model number MobiQwick MDR-XB450---Hardware Platform Smartphone---Compatible Devices Laptop, Audio Player, Tablet, Mobile---Special Features Wired Extra Bass Headphones, High Quality, Tangle Free Wire---Number Of Items 1---Microphone Form Factor With microphone---Headphones Form Factor On Ear---Batteries Required No---Connector Type Wired---Material Plastic---Form Factor On The Ear---Manufacturer RSFuture---Item Weight 165 g",https://www.amazon.in/gp/slredirect/picassoRedirect.html/ref=pa_sp_btf_aps_sr_pg1_1?ie=UTF8&adId=A03942333351QSR038M2E&url=%2FRSFuture-MDR-XB450-Headphones-Tangle-Headset%2Fdp%2FB08KFC5ZVG%2Fref%3Dsr_1_22_sspa%3Fdchild%3D1%26keywords%3Dheadphones%26qid%3D1619093829%26sr%3D8-22-spons%26psc%3D1&qualifier=1619093829&id=4550347381539116&widgetName=sp_btf
22,boAt,  Rockerz 450 Bluetooth On-Ear Headphone with Mic(Aqua Blue),4.0 out of 5 stars,"21,368 ratings","₹ 1,499.00",7 Days Replacement,"Saturday, April 24",In stock.,"Brand Boat---Manufacturer boAt, +912249461882---Model Rockerz 450---Model Name Rockerz 450---Product Dimensions 17.5 x 7.8 x 17.6 cm; 200 Grams---Batteries 1 Lithium ion batteries required. (included)---Item model number Rockerz 450---Compatible Devices IOS, Android, Windows---Special Features Headband---Mounting Hardware User Manual, Rockerz 450, Warranty Card, Charging Cable---Number Of Items 4---Microphone Form Factor Built-In---Headphones Form Factor On Ear---Voltage 5 Volts---Battery Average Life 15 Hours---Batteries Included Yes---Batteries Required No---Battery Cell Composition Lithium---Connector Type Bluetooth---Manufacturer boAt---Country of Origin China---Item Weight 200 g",https://www.amazon.in/gp/slredirect/picassoRedirect.html/ref=pa_sp_atf_next_aps_sr_pg2_1?ie=UTF8&adId=A09289571PXI1Z68Z8JWS&url=%2FBoat-Rockerz-450-Lightweight-Compatibility%2Fdp%2FB08667772G%2Fref%3Dsr_1_17_sspa%3Fdchild%3D1%26keywords%3Dheadphones%26qid%3D1619093846%26sr%3D8-17-spons%26psc%3D1&qualifier=1619093846&id=8305423384451057&widgetName=sp_atf_next
23,Infinity,"  Glide 120 by Harman, in Ear Wireless Earphones with Mic, Deep Bass, Dual Equalizer, Premium Metal Earbuds, Flex Neckband, Bluetooth 5.0 with Voice Assistant, IPX5 Sweatproof (Black & Yellow)",3.8 out of 5 stars,"20,303 ratings","₹ 1,190.00",7 Days Replacement,"Saturday, April 24",,"Brand Infinity---Manufacturer Harman International Industries, Inc---Model Glide 120---Model Name Glide---Product Dimensions 16.5 x 3 x 14.3 cm; 195 Grams---Batteries 1 Lithium Polymer batteries required. (included)---Item model number Glide 120---Compatible Devices Android & IOS---Special Features Earbud, Neckband, In-Ear---Mounting Hardware Glide 120 Wireless In-Ear, 3 Set sleeves, USB charging cable, User Manual---Microphone Form Factor With microphone---Headphones Form Factor In Ear---Voltage 3.7 Volts---Batteries Included Yes---Batteries Required No---Battery Cell Composition Polymer---Battery Power Rating 85---Connector Type Bluetooth---Supported Standards V5.0---Material Metal---Manufacturer Harman International Industries, Inc---Country of Origin China---Imported By Harman International (India) Pvt Ltd, Prestige Technology Park, 4th Floor, Jupiter 2A, Marathali Ring Rod, Bangalore 560103, India---Item Weight 195 g",https://www.amazon.in/gp/slredirect/picassoRedirect.html/ref=pa_sp_atf_next_aps_sr_pg2_1?ie=UTF8&adId=A05996881XZA63VYHXXCF&url=%2FInfinity-Glide-120-Earphones-Sweatproof%2Fdp%2FB082MDMW3X%2Fref%3Dsr_1_18_sspa%3Fdchild%3D1%26keywords%3Dheadphones%26qid%3D1619093846%26smid%3DA14CZOWI0VEHLG%26sr%3D8-18-spons%26psc%3D1&qualifier=1619093846&id=8305423384451057&widgetName=sp_atf_next
24,boAt,  Bassheads 100 in Ear Wired Earphones with Mic(Black),4.1 out of 5 stars,"147,878 ratings",₹ 399.00,7 Days Replacement,"Saturday, April 24",In stock.,"Brand Boat---Manufacturer Imagine Marketing Pvt Ltd, Imagine Marketing Pvt Ltd., 255, Guru Gobind Industrial Estate, Jay Coach, Goregaon East, Mumbai, Maharashtra- 400063---Model BassHeads 100---Model Name BassHeads 100---Model Year 2017---Product Dimensions 120 x 0.1 x 0.2 cm; 70 Grams---Item model number BassHeads 100---Compatible Devices All 3.5mm Jack device---Special Features Android Phone Control, IOS Phone Control, Tangle-Free Cord, Lightweight, Microphone Feature---Mounting Hardware Bassheads 100, Additional Earbuds, Carry Pouch, Warranty Card---Number Of Items 4---Microphone Form Factor Built-In---Headphones Form Factor In Ear---Batteries Included No---Batteries Required No---Connector Type Wired---Manufacturer Imagine Marketing Pvt Ltd---Country of Origin China---Item Weight 70 g",https://www.amazon.in/boAt-BassHeads-100-Headphones-Black/dp/B071Z8M4KX/ref=sr_1_19?dchild=1&keywords=headphones&qid=1619093846&sr=8-19
25,pTron,"  Tangent Lite Bluetooth 5.0 Wireless Headphones with Hi-Fi Stereo Sound, 6Hrs Playtime, Lightweight Ergonomic Neckband, Sweat-Resistant Magnetic Earbuds, Voice Assistant & Mic - (Black)",3.6 out of 5 stars,"25,406 ratings",₹ 599.00,7 Days Replacement,"Saturday, April 24",,"Brand PTron---Manufacturer Palred Technology Shenzhen Co Ltd, Parude Technology (Shenzhen) Co. Ltd., Building A1, Red Box Creative Park, No. 3 Huancheng South Road, Bantian Street, Longgang District, Shenzhen City, China 518116.---Model Tangent Lite---Model Name Tangent---Product Dimensions 86 x 2.5 x 0.8 cm; 22 Grams---Batteries 1 Lithium Polymer batteries required. (included)---Item model number Tangent Lite---Hardware Platform Tablet, Smartphone---Compatible Devices All Bluetooth Smartphones & Tablets---Special Features Bluetooth v5.0; Stereo Sound with Bass; 10m Connectivity Range; up to 6 Hours of Music Playtime/Talk-time; Voice Assistant; Sweatproof Magnetic Earbuds; Passive Noise Cancelling; In-Ear Sports Design; Lightweight & Flexible; Comfortable to Wear; Music & Call Control Remote; Built-in HD Mic; 1.5 Hours Charging Time; 200 Hrs Standby; Wide Compatibility with All Smartphones & Tablets; 1-Year Warranty---Mounting Hardware 1xBluetooth Neckband, 1xManual, 1xMicro USB Charging Cable---Audio Output Mode Stereo---Microphone Form Factor In-Line---Headphones Form Factor In Ear---Batteries Included Yes---Batteries Required Yes---Battery Cell Composition Lithium Polymer---Battery Power Rating 125---Connector Type Wireless, Bluetooth---Supported Standards Bluetooth 5.0 and A2DP support---Material ABS+Metal---Manufacturer Palred Technology Shenzhen Co Ltd---Country of Origin China---Item Weight 22 g",https://www.amazon.in/Tangent-Lite-Magnetic-Bluetooth-Headphones/dp/B085W8CFLH/ref=sr_1_20?dchild=1&keywords=headphones&qid=1619093846&smid=A14CZOWI0VEHLG&sr=8-20
26,Redgear,  Cloak Wired RGB Gaming Headphones with Microphone for PC,4.0 out of 5 stars,"2,046 ratings",₹ 899.00,7 Days Replacement,"Saturday, April 24",In stock.,"Brand Redgear---Manufacturer Redwood Interactive---Model Cloak---Product Dimensions 19.5 x 11.4 x 24.4 cm; 460 Grams---Item model number Cloak---Mounting Hardware Cloak headphones---Headphones Form Factor Over Ear---Batteries Included No---Batteries Required No---Connector Type Wired---Manufacturer Redwood Interactive---Country of Origin China---Imported By Redwood Interactive 131, Guru Gobind Singh Industrial Estate, Next to Jay Coach, Off W.E.Highway, Goregaon (E), Mumbai - 400 063. Maharashtra---Item Weight 460 g",https://www.amazon.in/Redgear-Cloak-Gaming-Headphones-Microphone/dp/B07T9FV9YP/ref=sr_1_21?dchild=1&keywords=headphones&qid=1619093846&sr=8-21
27,PTron,  HBE6 (High Bass Earphones) Metal in-Ear Wired Headphones with Mic - (Black),3.4 out of 5 stars,"3,402 ratings",₹ 149.00,7 Days Replacement,"Saturday, April 24",,"Brand PTron---Manufacturer HBE6---Model HBE6---Model Name HBE6---Product Dimensions 20 x 6 x 10 cm; 30 Grams---Item model number HBE6---Hardware Platform Laptop, PC, Tablet, Smartphone---Compatible Devices Smartphones, Computers, Other Multi-media Devices with 3.5mm Jack, Tablets, MP3/MP4 Players, Laptops, Windows, IOS, Android---Special Features Universal---Mounting Hardware Headset---Number Of Items 1---Microphone Form Factor In-Line---Headphones Form Factor In Ear---Batteries Included No---Batteries Required No---Cable Feature 1-meter Tangle-free TPE Cable---Connector Type Wired-3.5mm single pin---Material Metal & TPE---Has Self Timer No---Manufacturer HBE6---Country of Origin India---Item Weight 30 g",https://www.amazon.in/PTron-HBE6-Earphone-Metal-Headphone/dp/B07JPLHQ94/ref=sr_1_22?dchild=1&keywords=headphones&qid=1619093846&smid=A14CZOWI0VEHLG&sr=8-22
28,pTron,"  Pride Lite HBE (High Bass Earphones) in-Ear Wired Headphones with in-line Mic, 10mm Powerful Driver for Stereo Audio, Noise Cancelling Headset with 1.2m Tangle-Free Cable & 3.5mm Aux - (Black)",4.0 out of 5 stars,"1,915 ratings",₹ 199.00,7 Days Replacement,"Saturday, April 24",,"Brand PTron---Manufacturer Parude Technology (Shenzhen) Co. Ltd., Parude Technology (Shenzhen) Co., Ltd., Building A1, Red Box Creative Park, No. 3 Huancheng South Road, Bantian Street, Longgang District, Shenzhen City, China 518116.---Model Pride Lite---Model Name Pride Lite---Product Dimensions 120 x 1.5 x 1 cm; 15 Grams---Item model number Pride Lite---Hardware Platform Laptop, PC, Tablet---Special Features In-Ear Metal Buds; Ergonomic & Lightweight; Stereo Sound; 10mm Dynamic Driver; Sweat-resistant Earbuds; Passive Noise Cancelation Wired Earphones; In-line Music & Call Control Remote; Volume Control; Widely Compatible 3.5mm Aux Pin; 1.2 meters Strong Tangle-free Cable---Mounting Hardware 1*Wired Earphones---Number Of Items 1---Microphone Form Factor In-Line---Microphone Technology Omnidirectional---Headphones Form Factor In Ear---Batteries Required No---Connector Type Wired---Material Aluminium, Plastic---Manufacturer Parude Technology (Shenzhen) Co. Ltd.---Country of Origin China---Item Weight 15 g",https://www.amazon.in/Pride-Lite-Headphones-Cancelling-Tangle-Free/dp/B08SF85H45/ref=sr_1_23?dchild=1&keywords=headphones&qid=1619093846&smid=A14CZOWI0VEHLG&sr=8-23
29,boAt,  Bassheads 225 in Ear Wired Earphones with Mic(Black),4.0 out of 5 stars,"143,938 ratings",₹ 499.00,7 Days Replacement,"Monday, April 26",,"Brand Boat---Manufacturer Imagine Marketing Pvt Ltd, Imagine Marketing Pvt Ltd., 255, Guru Gobind Industrial Estate, Jay Coach, Goregaon East, Mumbai, Maharashtra- 400063---Model BassHeads 225---Model Name Bass Heads 225---Product Dimensions 120 x 1 x 1 cm; 18 Grams---Item model number BassHeads 225---Compatible Devices All 3.5mm Jack device---Special Features Android Phone Control, IOS Phone Control, Tangle-Free Cord, Lightweight, Microphone Feature---Mounting Hardware Bassheads 225, Warranty Card, Additional Earbuds---Number Of Items 3---Audio Output Mode Stereo---Microphone Form Factor With microphone---Headphones Form Factor In Ear---Batteries Included No---Batteries Required No---Connector Type Wired---Material Metal---Includes Rechargable Battery No---Manufacturer Imagine Marketing Pvt Ltd---Country of Origin China---Item Weight 18 g",https://www.amazon.in/BassHeads-225-Super-Extra-Headphones/dp/B01M9C51T9/ref=sr_1_24?dchild=1&keywords=headphones&qid=1619093846&smid=A14CZOWI0VEHLG&sr=8-24
30,boAt,  Rockerz 255 Sports in-Ear Bluetooth Neckband Earphone with Mic (Active Black),4.0 out of 5 stars,"208,537 ratings","₹ 1,099.00",7 Days Replacement,"Saturday, April 24",In stock.,"Brand Boat---Manufacturer Imagine Marketing Pvt Ltd, Imagine Marketing Pvt Ltd., 255, Guru Gobind Industrial Estate, Jay Coach, Goregaon East, Mumbai, Maharashtra- 400063---Model Rockerz 255 Black---Model Name Rockerz---Product Dimensions 45 x 1 x 1 cm; 26 Grams---Batteries 1 Lithium Polymer batteries required.---Item model number Rockerz 255 Black---Compatible Devices All Bluetooth Devices---Special Features Wireless, Sports_&_fitness---Mounting Hardware 1 Bluetooth Earphone, USB Charging Cable, User Manual---Number Of Items 1---Microphone Form Factor With Microphone---Headphones Form Factor In Ear---Battery Average Life 6 Hours---Batteries Included No---Batteries Required Yes---Battery Capacity 110---Battery Cell Composition Lithium Polymer---Connector Type Wireless---Material Metal---Includes Rechargable Battery Yes---Manufacturer Imagine Marketing Pvt Ltd---Country of Origin China---Item Weight 26 g",https://www.amazon.in/255-Bluetooth-Wireless-Earphone-Immersive/dp/B07C2VJXP4/ref=sr_1_25?dchild=1&keywords=headphones&qid=1619093846&sr=8-25
31,pTron,"  Bassfest Plus Magnetic in-Ear Bluetooth 5.0 Wireless Headphones, Stereo Sound with Bass, IPX4 Water & Sweat Resistant, Voice Assistance, Ergonomic & Lightweight, Built-in Mic - (Black & Blue)",3.8 out of 5 stars,"4,537 ratings",₹ 649.00,7 Days Replacement,"Tuesday, April 27",In stock.,"Brand PTron---Manufacturer Parude Technology (Shenzhen) Co. Ltd., Building A1, Red Box Creative Park, No. 3 Huancheng South Road, Bantian Street, Longgang District, Shenzhen City, China 518116.---Model Bassfest Plus---Model Name Bassfest Plus---Product Dimensions 100 x 1.4 x 2.4 cm; 20 Grams---Batteries 1 Lithium Polymer batteries required. (included)---Item model number Bassfest Plus---Hardware Platform Tablet, Smartphone---Compatible Devices All Smartphones, Tablets & Other Bluetooth Smart Devices---Special Features Bluetooth v5.0; Stereo Sound with Bass; 10m Connectivity Range; Quick Pairing; up to 6 Hours of Music Playtime/Talk-time; Voice Assistance Enabled; Magnetic Earbuds; Passive Noise Cancelling; In-Ear Secure-fit Design; Comfortable to Wear; Music & Call Control Remote; Built-in HD Mic; 1.5 Hours Charge Time; Lightweight; Micro USB Charging (cable provided); Compatibility with All Smartphones & Tablets; 1-Year Warranty---Mounting Hardware 1 Bluetooth Neckband, 1 User Manual, 1 Micro USB Charging Cable---Number Of Items 3---Audio Output Mode Stereo---Microphone Form Factor In-Line, Built-In---Headphones Form Factor In Ear---Batteries Included Yes---Batteries Required Yes---Battery Cell Composition Lithium Polymer---Connector Type Wireless, Bluetooth---Supported Standards Bluetooth v5.0 and A2DP support---Material Plastic---Manufacturer Parude Technology (Shenzhen) Co. Ltd.---Country of Origin China---Imported By Palred Electronics Pvt. Ltd.---Item Weight 20 g",https://www.amazon.in/Bassfest-Plus-Headphones-Assistance-Lightweight/dp/B08HHLJ5FJ/ref=sr_1_26?dchild=1&keywords=headphones&qid=1619093846&sr=8-26
32,boAt,  Rockerz 510 Bluetooth On-Ear Headphone with Mic(Viper Green),4.3 out of 5 stars,"29,987 ratings","₹ 1,599.00",7 Days Replacement,"Monday, April 26",In stock.,"Brand Boat---Manufacturer Imagine Marketing Pvt Ltd, Imagine Marketing Pvt Ltd., 255, Guru Gobind Industrial Estate, Jay Coach, Goregaon East, Mumbai, Maharashtra- 400063---Model 510---Model Name Rockerz---Product Dimensions 19 x 7.5 x 19.5 cm; 231 Grams---Batteries 1 Lithium Polymer batteries required. (included)---Item model number 510---Compatible Devices All Bluetooth Devices---Special Features Android Phone Control, IOS Phone Control, Lightweight, Microphone Feature, Water Resistant---Mounting Hardware Rockerz 510, Charging Cable, User Manual, Warranty Card---Number Of Items 4---Microphone Form Factor With microphone---Headphones Form Factor On Ear---Battery Average Life 20 Hours---Batteries Included Yes---Batteries Required Yes---Battery Cell Composition Lithium Ion---Connector Type Bluetooth---Material Faux Leather, Aluminum---Includes Rechargable Battery Yes---Manufacturer Imagine Marketing Pvt Ltd---Country of Origin China---Item Weight 231 g",https://www.amazon.in/gp/slredirect/picassoRedirect.html/ref=pa_sp_mtf_aps_sr_pg2_1?ie=UTF8&adId=A01489053V4M8YKR5NIN4&url=%2FRockerz-510-Wireless-Bluetooth-Headphones%2Fdp%2FB07BFT3FWG%2Fref%3Dsr_1_27_sspa%3Fdchild%3D1%26keywords%3Dheadphones%26qid%3D1619093846%26sr%3D8-27-spons%26psc%3D1&qualifier=1619093846&id=8305423384451057&widgetName=sp_mtf
33,Infinity,"  Glide 510 by Harman, 72 Hrs Playtime with Quick Charge, Wireless On Ear Headphone with Mic, Deep Bass, Dual Equalizer, Bluetooth 5.0 with Voice Assistant Support for Mobile Phones (Black)",4.1 out of 5 stars,"18,952 ratings","₹ 1,699.00",7 Days Replacement,"Saturday, April 24",,"Brand Infinity---Manufacturer Harman, HARMAN International Industries, Incorporated 8500 Balboa Boulevard, Northridge, CA 91329 USA---Model Glide 510---Model Name Glide---Product Dimensions 6 x 3 x 3 cm; 110 Grams---Batteries 1 Lithium Polymer batteries required. (included)---Item model number Glide 510---Special Features On-ear, Collapsible---Mounting Hardware 1x Headphone, 1x QSG, 1x Charging Cable---Number Of Items 1---Microphone Form Factor Built-In---Headphones Form Factor On Ear---Batteries Included Yes---Batteries Required Yes---Battery Cell Composition Lithium Polymer---Connector Type Bluetooth---Includes Rechargable Battery Yes---Has Self Timer No---Manufacturer Harman---Country of Origin China---Item Weight 110 g",https://www.amazon.in/gp/slredirect/picassoRedirect.html/ref=pa_sp_mtf_aps_sr_pg2_1?ie=UTF8&adId=A07563137HV4CQ817CAK&url=%2FInfinity-Glide-510-Headphone-Equalizer%2Fdp%2FB0873L7J6X%2Fref%3Dsr_1_28_sspa%3Fdchild%3D1%26keywords%3Dheadphones%26qid%3D1619093846%26smid%3DA14CZOWI0VEHLG%26sr%3D8-28-spons%26psc%3D1&qualifier=1619093846&id=8305423384451057&widgetName=sp_mtf
34,Sennheiser,  HD 458 BT Over Ear Wireless Headphones with Active Noise Cancellation Headphone,3.8 out of 5 stars,"5,752 ratings","₹ 7,990.00",7 Days Replacement,"Saturday, April 24",,"Brand Sennheiser---Manufacturer Sennheiser, Sennheiser electronic GmbH & Co. KG. Am Labor 1. DE - 30900 Wedemark Germany---Model HD 458BT---Model Name Over Ear---Model Year 2020---Product Dimensions 12.7 x 10.3 x 17.6 cm; 238 Grams---Batteries 1 Lithium Polymer batteries required. (included)---Item model number HD 458BT---Special Features Noise cancelling---Mounting Hardware HD 458BT Wireless Headphones, Audio Cable, USB-C charging cable, Carry Case, Quick Guide & Safety Guide---Number Of Items 6---Microphone Form Factor With microphone---Headphones Form Factor Over Ear---Batteries Included Yes---Batteries Required Yes---Battery Cell Composition Lithium Polymer---Cable Feature Detachable---Connector Type Wireless---Includes Rechargable Battery Yes---Manufacturer Sennheiser---Country of Origin China---Imported By Sennheiser---Item Weight 238 g",https://www.amazon.in/Sennheiser-HD-Headphones-Cancellation-Headphone/dp/B08D1CD3Q9/ref=sr_1_29?dchild=1&keywords=headphones&qid=1619093846&smid=A14CZOWI0VEHLG&sr=8-29
35,Sony,"  WI-C200 Wireless In-Ear Headphones with 15 Hours Battery Life, Quick Charge, Magnetic Earbuds for Tangle Free Carrying,Metallic Finish, Bluetooth ver 5.0, Headset with mic for phone calls (Black)",3.9 out of 5 stars,"20,163 ratings","₹ 1,799.00",7 Days Replacement,"Saturday, April 24",In stock.,"Brand Sony---Manufacturer Sony Corporation, Sony Corporation, 1-7-1, Konan, Minato-ku, Tokyo, 108-0075, Japan---Model WI-C200---Model Name Headphones---Product Dimensions 42.1 x 22.6 x 19.5 cm; 30 Grams---Batteries 1 C batteries required. (included)---Item model number WI-C200---Hardware Platform Smartphone---Compatible Devices Mobile (IOS, Android, others), Tablets, Laptops, and all bluetooth devices---Special Features Wireless---Mounting Hardware USB Cable 1U, Instruction Manual 1U, Reference Guide 1U---Number Of Items 1---Microphone Form Factor With Microphone---Headphones Form Factor In Ear---Battery Average Life 15 Hours---Batteries Included Yes---Batteries Required Yes---Battery Cell Composition Lithium Ion---Cable Feature Detachable---Connector Type Wireless---Has Self Timer No---Manufacturer Sony Corporation---Country of Origin China---Imported By SONY INDIA PRIVATE LIMITED, A-18, Mohan Cooperative Industrial Estate, Mathura Road, New Delhi - 110018---Item Weight 30 g",https://www.amazon.in/Sony-WI-C200-Wireless-Neck-Band-Headphones/dp/B07S13PJ3W/ref=sr_1_30?dchild=1&keywords=headphones&qid=1619093846&sr=8-30
36,boAt,"  Rockerz 370 Wireless Headphone with Bluetooth 5.0, Immersive Audio, Lightweight Ergonomic Design, Cosy Padded Earcups and Up to 12H Playback Bliss (Buoyant Black)",4.0 out of 5 stars,"3,565 ratings","₹ 1,199.00",7 Days Replacement,"Monday, April 26",In stock.,"Brand Boat---Manufacturer boAt---Model Rockerz 370---Model Name Rockerz 370---Product Dimensions 16 x 7 x 18 cm; 137 Grams---Batteries 1 Lithium ion batteries required. (included)---Item model number Rockerz 370---Compatible Devices Windows, iOS, Android---Special Features Android Phone Control, IOS Phone Control, Lightweight, Volume-Control, Microphone Feature---Mounting Hardware User Manual, Rockerz 370, Warranty Card, Charging Cable, Aux Cable---Number Of Items 5---Microphone Form Factor With microphone---Headphones Form Factor On Ear---Batteries Included Yes---Batteries Required Yes---Battery Cell Composition Lithium---Connector Type Bluetooth---Includes Rechargable Battery Yes---Manufacturer boAt---Country of Origin China---Item Weight 137 g",https://www.amazon.in/Rockerz-370-Headphone-Bluetooth-Lightweight/dp/B0856HNMR7/ref=sr_1_31?dchild=1&keywords=headphones&qid=1619093846&sr=8-31
37,Tribit,"  Wireless Bluetooth Headphones Over Ear,Bluetooth 5.0 On Ear Headphone with CVC 8.0 Noise Cancelling Mic,HiFi Sound,Deep Bass,USB Lightening Fast Charge,24H Playtime,Tribit XFree Go Headsets",4.3 out of 5 stars,171 ratings,"₹ 2,499.00",7 Days Replacement,"Monday, April 26",In stock.,"Brand Tribit---Manufacturer Tribit---Package Dimensions 19.8 x 15.1 x 9.4 cm; 440 Grams---Item part number BTH71---Hardware Platform Laptop, PC, Tablet---Special Features Noise cancelling---Microphone Form Factor With microphone---Headphones Form Factor Over Ear---Batteries Required No---Connector Type Bluetooth---Material Plastic---Manufacturer Tribit---Country of Origin China---Item Weight 440 g",https://www.amazon.in/Tribit-Bluetooth-Headphones-Lightening-Cancelling/dp/B083K349ZR/ref=sr_1_32?dchild=1&keywords=headphones&qid=1619093846&sr=8-32
38,ROCK,"  LYFE P47 Wireless Bluetooth Headphones 5.0+EDR with Volume Control, HD Sound and Bass, Mic, SD Card Slot and (Black) & Magnet Bluetooth Headsets (Black) Combo",3.9 out of 5 stars,98 ratings,₹ 589.00,7 Days Replacement,April 30 - May 1,In stock.,"Brand ROCK LYFE---Manufacturer ROCK LYFE---Model 1---Model Name 1---Package Dimensions 15 x 15 x 5 cm; 200 Grams---Item model number 1---Special Features Android Phone Control, IOS Phone Control, Noise Cancellation, Volume-Control---Mounting Hardware EARPHONE---Number Of Items 1---Headphones Form Factor In Ear---Connector Type Wireless---Manufacturer ROCK LYFE---Item Weight 200 g",https://www.amazon.in/ROCK-LYFE-Wireless-Bluetooth-Headphones/dp/B08Y5WHWH8/ref=sr_1_33?dchild=1&keywords=headphones&qid=1619093846&sr=8-33
39,pTron,"  Bassbuds Plus True Wireless Bluetooth 5.0 Headphones with Deep Bass, Made in India, IPX4 Water/Sweat Resistant, Passive Noise Canceling Earbuds, Digital Display Case & Built-in HD Mic - (Black)",3.9 out of 5 stars,"2,246 ratings",₹ 899.00,7 Days Replacement,"Monday, April 26",,"Brand PTron---Manufacturer Palred Electronics Pvt. Ltd., Palred Electronics Pvt. Ltd., Sy.No.1240, Kurnool Nandyal Road, Nannur Village, Kurnool, Andhra Pradesh, 518002---Model Bassbuds Plus---Model Name Bassbuds Plus---Product Dimensions 3 x 6.5 x 3.2 cm; 40 Grams---Batteries 3 Lithium Polymer batteries required. (included)---Item model number Bassbuds Plus---Special Features True Wireless Earbuds (TWS); Bluetooth 5.0; Hi-Fi Stereo Sound with Deep Bass; Lightweight In-Ear Design; Stereo/Mono Use; Passive Noise Cancellation; Integrated Button for Music & Call; 8mm Dynamic Drivers; Built-in HD Mic; Stereo Calls; 4 Hours Music Playtime; 3.5 Hours Talk-time; 80 Hours Standby Time; 40mAh Li-Polymer Battery (each earbud); 300mAh Digital Display Magnetic Charging Case; 2-3 Charge Cycles; Voice Assistance; Universal Bluetooth Compatibility; 1-Year Warranty---Mounting Hardware 2*Earbud, 1*Charging case, 1*Type-C USB Cable, 1*User Manual, Extra Earcaps---Number Of Items 5---Microphone Form Factor Built-In---Microphone Technology Omnidirectional---Headphones Form Factor In Ear---Power Source Battery-Powered---Batteries Included Yes---Batteries Required Yes---Battery Cell Composition Lithium Polymer---Connector Type Wireless---Material Aluminium, Plastic---Includes Rechargable Battery Yes---Manufacturer Palred Electronics Pvt. Ltd.---Country of Origin India---Item Weight 40 g",https://www.amazon.in/Bassbuds-Plus-Bluetooth-Headphones-Resistant/dp/B08S19YC6H/ref=sr_1_34?dchild=1&keywords=headphones&qid=1619093846&smid=A14CZOWI0VEHLG&sr=8-34
40,Sony,  WH-CH510 Wireless Headphones - Black,4.0 out of 5 stars,"8,415 ratings","₹ 3,165.00",7 Days Replacement,"Tuesday, April 27",In stock.,"Brand Sony---Manufacturer Sony, Sony---Model WHCH510/B---Model Name Headphones---Model Year 2019---Product Dimensions 19.69 x 17.15 x 4.14 cm; 132 Grams---Batteries 1 Lithium Metal batteries required. (included)---Item model number WHCH510/B---Special Features Lightweight---Mounting Hardware Operating Instruction 1U, USB Cable 1U---Number Of Items 1---Microphone Form Factor With microphone---Battery Average Life 35 Hours---Batteries Included Yes---Batteries Required Yes---Battery Cell Composition Lithium Ion---Connector Type Bluetooth---Contains Liquid Contents No---Includes Rechargable Battery Yes---Manufacturer Sony---Item Weight 132 g",https://www.amazon.in/Sony-WHCH510-WH-CH510-Wireless-Headphone/dp/B07WSKKYPR/ref=sr_1_35?dchild=1&keywords=headphones&qid=1619093846&sr=8-35
41,JBL,  C50HI in-Ear Headphones with Mic (Black),3.8 out of 5 stars,"42,089 ratings",₹ 499.00,7 Days Replacement,"Saturday, April 24",In stock.,"Brand JBL---Manufacturer Harman International Industries, Inc---Model C50HI---Model Name C50HI---Product Dimensions 6 x 3 x 17.5 cm; 13 Grams---Item model number C50HI---Compatible Devices Audio Player , Laptop, Mobile, Tablet---Special Features With microphone---Mounting Hardware 1 x C50HI Headphone, 3 x Ears tips, Warranty card & Safety card---Number Of Items 1---Microphone Form Factor With Microphone---Headphones Form Factor In Ear---Batteries Included No---Batteries Required No---Connector Type Wired---Has Self Timer No---Manufacturer Harman International Industries, Inc---Country of Origin China---Imported By Harman International (India) Pvt Ltd, Prestige Technology Park, 4th Floor, Jupiter 2A, Marathali Ring Rod, Bangalore 560103, India---Item Weight 13 g",https://www.amazon.in/JBL-C50HI-Ear-Headphones-Black/dp/B07JQKQ91F/ref=sr_1_36?dchild=1&keywords=headphones&qid=1619093846&sr=8-36
42,OneOdio,"  Adapter-Free Closed Back Over-Ear DJ Stereo Monitor Headphones, Professional Studio Monitor and Mixing, Telescopic Arms with Scale, Newest 50mm Neodymium Drivers -Black",4.5 out of 5 stars,"2,806 ratings","₹ 2,089.00",7 Days Replacement Only,"Tuesday, April 27",,"Brand OneOdio---Manufacturer OneOdio---Package Dimensions 17 x 14 x 9.6 cm; 410 Grams---Item part number 1---Hardware Platform MP3 Player, Tablet, Smartphone---Special Features Noise cancelling---Microphone Form Factor No Microphone---Headphones Form Factor Over Ear---Batteries Required No---Connector Type Wired---Material Plastic---Manufacturer OneOdio---Country of Origin China---Item Weight 410 g",https://www.amazon.in/gp/slredirect/picassoRedirect.html/ref=pa_sp_btf_aps_sr_pg2_1?ie=UTF8&adId=A056582526WDQX94T8MQI&url=%2FOneOdio-Adapter-Free-Headphones-Professional-Telescopic%2Fdp%2FB07R2BNDMH%2Fref%3Dsr_1_37_sspa%3Fdchild%3D1%26keywords%3Dheadphones%26qid%3D1619093846%26smid%3DA15HWISSD0WLIS%26sr%3D8-37-spons%26psc%3D1&qualifier=1619093846&id=8305423384451057&widgetName=sp_btf
43,British,  Acoustics DELTA D2 B Headphone,3.9 out of 5 stars,22 ratings,"₹ 2,499.00",7 Days Replacement,"Friday, April 30",In stock.,Package Dimensions 24 x 22.5 x 11 cm; 272 Grams---Item model number DELTA D2 B---Item Weight 272 g---Manufacturer British Acoustics---Country of Origin China,https://www.amazon.in/gp/slredirect/picassoRedirect.html/ref=pa_sp_btf_aps_sr_pg2_1?ie=UTF8&adId=A043355236IJ5UQKD4RRN&url=%2FBritish-Acoustics-DELTA-D2-Headphone%2Fdp%2FB08DFW5Y4K%2Fref%3Dsr_1_38_sspa%3Fdchild%3D1%26keywords%3Dheadphones%26qid%3D1619093846%26sr%3D8-38-spons%26psc%3D1&qualifier=1619093846&id=8305423384451057&widgetName=sp_btf
44,Tribit,"  Wireless Bluetooth Headphones Over Ear,Bluetooth 5.0 On Ear Headphone with CVC 8.0 Noise Cancelling Mic,HiFi Sound,Deep Bass,USB Lightening Fast Charge,24H Playtime,Tribit XFree Go Headsets",4.3 out of 5 stars,171 ratings,"₹ 2,499.00",7 Days Replacement,"Monday, April 26",In stock.,"Brand Tribit---Manufacturer Tribit---Package Dimensions 19.8 x 15.1 x 9.4 cm; 440 Grams---Item part number BTH71---Hardware Platform Laptop, PC, Tablet---Special Features Noise cancelling---Microphone Form Factor With microphone---Headphones Form Factor Over Ear---Batteries Required No---Connector Type Bluetooth---Material Plastic---Manufacturer Tribit---Country of Origin China---Item Weight 440 g",https://www.amazon.in/gp/slredirect/picassoRedirect.html/ref=pa_sp_atf_next_aps_sr_pg3_1?ie=UTF8&adId=A09103182IPC0BHC06WGK&url=%2FTribit-Bluetooth-Headphones-Lightening-Cancelling%2Fdp%2FB083K349ZR%2Fref%3Dsr_1_33_sspa%3Fdchild%3D1%26keywords%3Dheadphones%26qid%3D1619093853%26sr%3D8-33-spons%26psc%3D1&qualifier=1619093853&id=5396162185604603&widgetName=sp_atf_next
45,ICCON,  BAZINGA | The safest premium wired headphones for girls & boys as per volume limiting (<85 dB) hearing safety standards defined by World Health Organisation guidelines| headphones for kids with mic and in line controller | Pink headphones,3.9 out of 5 stars,95 ratings,"₹ 1,299.00",7 Days Replacement,"Monday, April 26",In stock.,"Brand ICCON---Manufacturer Integratedmobi Tech Private Limited, 1800 123 894 001---Model KH01---Model Name KH01---Model Year 2020---Product Dimensions 14 x 18 x 6.5 cm; 120 Grams---Item model number KH01---Hardware Platform Laptop, Gaming Console, Smartphone---Compatible Devices Gaming Devices with 3.5 mm jack like Nitendo, gameboy, Playstation, All laptops with 3.5 mm jack, Android phones with 3.5 mm jack, IPhone 5, 6 with 3.5 mm jack; iPad with 3.5 mm jack, Any device with 3.5 mm Jack---Special Features Android Phone Control, IOS Phone Control, Lightweight, Noise Cancellation, Foldable, Passive Noise Cancellation, Microphone Feature, Universal Phone Control---Amplifier Type Transistor---Mounting Hardware Headphone---Number Of Items 1---Microphone Form Factor In-Line---Microphone Technology Omnidirectional---Headphones Form Factor On Ear---Batteries Required No---Cable Feature Comes with in-built omnidirectional microphone, Superb microphone for school classes online---Connector Type Wired---Material Plastic---Includes Rechargable Battery No---Manufacturer Integratedmobi Tech Private Limited---Country of Origin China---Item Weight 120 g",https://www.amazon.in/gp/slredirect/picassoRedirect.html/ref=pa_sp_atf_next_aps_sr_pg3_1?ie=UTF8&adId=A08719698Z0Y9GF5B3VW&url=%2FICCON-headphones-Organisation-guidelines-controller%2Fdp%2FB08L5JGTJ8%2Fref%3Dsr_1_34_sspa%3Fdchild%3D1%26keywords%3Dheadphones%26qid%3D1619093853%26sr%3D8-34-spons%26psc%3D1&qualifier=1619093853&id=5396162185604603&widgetName=sp_atf_next
46,Cosmic,"  Byte Blazar Headphone with Flexible Mic for PC, Mobiles, PS5, PS4, Xbox One, Tablets (Blue)",4.0 out of 5 stars,"1,258 ratings",₹ 849.00,7 Days Replacement,"Monday, April 26",In stock.,-,https://www.amazon.in/Cosmic-Byte-Blazar-Headphone-Blue/dp/B08BJFBZQ8/ref=sr_1_35?dchild=1&keywords=headphones&qid=1619093853&sr=8-35
47,Wireless,"  Bluetooth Headphones Earphone Bluetooth Wireless Neckband Flexible in-Ear Headphones Headset with Mic, Extra Deep Bass Hands-Free Call/Music, Sports Earbuds, Sweat Proof (Black)",4.5 out of 5 stars,2 ratings,₹ 499.00,7 Days Replacement,"Wednesday, April 28",In stock.,"Brand NOYMI---Manufacturer TYT---Model ET172,ET147---Model Name Wireless Bluetooth Headphones Earphone Bluetooth---Product Dimensions 2 x 9 x 6 cm; 20 Grams---Item model number ET172,ET147---Compatible Devices LAPTOP, SMARTPHONE, SMART LCD---Special Features Lightweight, Volume-Control, Foldable, Sports & Exercise, Water Resistant---Number Of Items 1---Microphone Form Factor Built-In---Headphones Form Factor In Ear---Batteries Included Yes---Connector Type Wireless---Includes Rechargable Battery Yes---Manufacturer TYT---Country of Origin China---Item Weight 20 g",https://www.amazon.in/Wireless-Bluetooth-Headphones-Earphone-Hands-Free/dp/B08ZYMSQ2V/ref=sr_1_36?dchild=1&keywords=headphones&qid=1619093853&sr=8-36
48,Logitech,"  H110 Wired headset, Stereo Headphones with noise-cancelling Microphone,3.5-mm Dual Audio Jack, PC/Mac/Laptop- Grey",3.8 out of 5 stars,"2,818 ratings",₹ 729.00,7 Days Replacement,"Saturday, April 24",In stock.,Brand Logitech---Manufacturer Logitech---Colour Black---Item Height 9.33 Inches---Item Width 2.05 Inches---Product Dimensions 18.39 x 5.21 x 23.7 cm; 181.44 Grams---Batteries 1 Lithium ion batteries required.---Item model number 981-000214---Are Batteries Included No---Lithium Battery Energy Content 4.9 Watt Hours---Number Of Lithium Ion Cells 1---Included Components Headset and User documentation---Manufacturer Logitech---Country of Origin China---Item Weight 181 g,https://www.amazon.in/Logitech-H110-Stereo-Headset-Black/dp/B003H4QPJQ/ref=sr_1_37?dchild=1&keywords=headphones&qid=1619093853&sr=8-37
49,Zinq,  Technologies Erupt 4155 Super Bass Bluetooth On-Ear Headphones with Mic (Black),4.1 out of 5 stars,"1,088 ratings",₹ 899.00,7 Days Replacement,"Saturday, April 24",In stock.,"Brand Zinq Technologies---Manufacturer Shenzhen Yimudi Electronics Co. Ltd., Shenzhen Yimudi Electronics Co. Ltd.---Model ZQHP-4155---Model Name ERUPT---Product Dimensions 15.6 x 9 x 20.4 cm; 348 Grams---Batteries 1 Lithium Polymer batteries required. (included)---Item model number ZQHP-4155---Hardware Platform Laptop, Tablet, Smartphone---Special Features With microphone---Mounting Hardware 1 Unit Each of Headphone,Aux Cable,Charging CableUser manual,Carry Pouch---Microphone Form Factor With microphone---Headphones Form Factor On Ear---Batteries Included Yes---Batteries Required Yes---Battery Cell Composition Lithium Polymer---Connector Type Bluetooth---Manufacturer Shenzhen Yimudi Electronics Co. Ltd.---Country of Origin China---Item Weight 348 g",https://www.amazon.in/Zinq-Erupt-Super-Bluetooth-Headphones/dp/B084L8MQJH/ref=sr_1_38?dchild=1&keywords=headphones&qid=1619093853&sr=8-38
50,boAt,  Bassheads 102 in Ear Wired Earphones with Mic(Jazzy Blue),4.2 out of 5 stars,"19,746 ratings",₹ 349.00,7 Days Replacement,"Saturday, April 24",In stock.,"Brand Boat---Manufacturer Imagine Marketing Pvt Ltd, Imagine Marketing Pvt Ltd., 255, Guru Gobind Industrial Estate, Jay Coach, Goregaon East, Mumbai, Maharashtra- 400063---Model Bassheads 102---Model Name Bassheads---Product Dimensions 19 x 7.8 x 17.3 cm; 12 Grams---Item model number Bassheads 102---Compatible Devices All 3.5mm Jack device---Special Features Android Phone Control, IOS Phone Control, Lightweight, Microphone Feature---Mounting Hardware Velcro Cable Manager, Warranty Card, Additional Earbuds, Bassheads 102---Number Of Items 4---Microphone Form Factor In-Line;Built-In---Headphones Form Factor In Ear---Batteries Included No---Batteries Required No---Connector Type Wired---Has Self Timer No---Manufacturer Imagine Marketing Pvt Ltd---Country of Origin China---Item Weight 12 g",https://www.amazon.in/BassHeads-102-Earphones-Multi-Function-Microphone/dp/B07S6NT9V7/ref=sr_1_39?dchild=1&keywords=headphones&qid=1619093853&sr=8-39
51,Cosmic,"  Byte Stardust Headset with Flexible Mic for PS5, PS4, Xbox One, Xbox Series 5, Laptop, PC, iPhone and Android Phones (Black/Blue)",4.1 out of 5 stars,861 ratings,₹ 799.00,7 Days Replacement,"Saturday, April 24",In stock.,"Brand Cosmic Byte---Manufacturer Cosmic Byte, 1800313007700---Model Stardust Blue---Model Name Stardust Blue---Product Dimensions 20 x 17 x 9 cm; 400 Grams---Item model number Stardust Blue---Hardware Platform Unix, PC, Mac---Special Features Tangle-Free Cord, Lightweight, Volume-Control---Mounting Hardware Headset x 1, User manual x 1---Number Of Items 1---Microphone Form Factor In-Line---Headphones Form Factor Over Ear---Batteries Required No---Connector Type Wired---Manufacturer Cosmic Byte---Country of Origin China---Imported By Cosmic Byte---Item Weight 400 g",https://www.amazon.in/Cosmic-Byte-Stardust-Flexible-Blue/dp/B08G1GHJ2X/ref=sr_1_40?dchild=1&keywords=headphones&qid=1619093853&sr=8-40
52,LAPCARE,"  Stereo Headset LWS-004 Headphone with Flexible Mic for PC, Mobiles, Play Station, Xbox, Tablets",3.8 out of 5 stars,500 ratings,₹ 499.00,7 Days Replacement,"Monday, April 26",In stock.,"Brand Lapcare---Manufacturer LAPCARE, RX Infotech P Ltd, 1201-1208, 12th Business Floor, Puri Business HUB, Sector – 81, Faridabad – 121004, Haryana---Series HC-360---Colour Black---Item model number LWS-004---Connectivity Type Truly_wireless---Hardware Platform Gaming Console, PC, Tablet, Smartphone---Included Components Headphones---Manufacturer LAPCARE---Country of Origin China---Item Weight 155 g",https://www.amazon.in/LAPCARE-Headset-LWS-004-Headphone-Flexible/dp/B08D1HDV33/ref=sr_1_41?dchild=1&keywords=headphones&qid=1619093853&sr=8-41
53,Xiaomi,"  Redmi Hi-Resolution Audio Wired Earphone with Mic (Black, in The Ear)",4.0 out of 5 stars,"6,483 ratings",₹ 399.00,7 Days Replacement,"Saturday, April 24",In stock.,"Brand Xiaomi---Manufacturer RISUN Vietnam Company Limited, RISUN Vietnam Company Limited, Lot CN05, Van Trung Industrial Park, Vietyen District, Bac Giang - 230000, Vietnam---Model YDJC02WM---Model Name Redmi Earphones---Item model number YDJC02WM---Hardware Platform Laptop, Smartphone---Special Features Sports & fitness---Mounting Hardware Earphones 1U, User Manual 1U,Eartips 6U(2S,2M,2L)---Number Of Items 1---Microphone Form Factor Built-In---Headphones Form Factor In Ear---Batteries Required No---Connector Type Wired---Material Aluminum---Manufacturer RISUN Vietnam Company Limited---Country of Origin Vietnam---Imported By Tiinlab Acoustic Technology India Private Limited---Item Weight 13 g",https://www.amazon.in/Redmi-Hi-Resolution-Audio-Wired-Earphone/dp/B08FMLCRXM/ref=sr_1_42?dchild=1&keywords=headphones&qid=1619093853&sr=8-42
54,pTron,  Atom Rover Mono in-Ear Wireless Bluetooth Headphones with Mic - (Black),3.7 out of 5 stars,"4,152 ratings",₹ 899.00,7 Days Replacement,"Saturday, April 24",,"Product Dimensions 9.5 x 9.6 x 3.8 cm; 60 Grams---Batteries 1 Product Specific batteries required. (included)---Item model number Atom Rover---Wireless communication technologies Bluetooth---Connectivity technologies Wireless---Special features Wireless---Other display features Wireless---Audio Jack USB---Colour Black---Whats in the box Headset, 3 earcaps, charging cable ,manual---Manufacturer Palred Technology Shenzhen Co Ltd---Country of Origin China---Imported By Palred Electronics Pvt. Ltd., Plot no. 2, 8-2-703/2/B, Road no. 12, Banjara Hills, Hyderabad – 500034 India---Item Weight 60 g",https://www.amazon.in/gp/slredirect/picassoRedirect.html/ref=pa_sp_mtf_aps_sr_pg3_1?ie=UTF8&adId=A04288631ALXX4EXHOZOD&url=%2FPTron-Rover-Bluetooth-Headset-Black%2Fdp%2FB07DYM66RQ%2Fref%3Dsr_1_43_sspa%3Fdchild%3D1%26keywords%3Dheadphones%26qid%3D1619093853%26smid%3DA14CZOWI0VEHLG%26sr%3D8-43-spons%26psc%3D1&qualifier=1619093853&id=5396162185604603&widgetName=sp_mtf
55,pTron,"  Studio Over-Ear Bluetooth 5.0 Wireless Headphones, Hi-Fi Sound with Deep Bass, 12Hrs Playback, Ergonomic & Lightweight Wireless Headset, Soft Cushions Earpads, Aux Port & Mic - (Black)",3.9 out of 5 stars,"2,582 ratings",₹ 799.00,7 Days Replacement,"Saturday, April 24",,"Brand PTron---Manufacturer Palred Technology Shenzen Co Ltd---Model Studio---Model Name Studio---Product Dimensions 17 x 3.5 x 17 cm; 150 Grams---Batteries 1 Lithium Polymer batteries required. (included)---Item model number Studio---Compatible Devices Tablets, Laptop/Desktop Computer, Other Bluetooth Enabled Audio Devices, All Smartphones---Special Features Wireless---Mounting Hardware Headphones, Manual, Aux Cable, Charging Cable---Number Of Items 4---Microphone Form Factor With microphone---Headphones Form Factor Over Ear---Battery Average Life 12 Hours---Batteries Included Yes---Batteries Required Yes---Battery Cell Composition Lithium Polymer---Connector Type Wireless---Material Plastic---Has Self Timer No---Manufacturer Palred Technology Shenzen Co Ltd---Country of Origin China---Imported By Palred Electronics Pvt. Ltd., Plot no. 2, 8-2-703/2/B, Road no. 12, Banjara Hills, Hyderabad – 500034 India---Item Weight 150 g",https://www.amazon.in/gp/slredirect/picassoRedirect.html/ref=pa_sp_mtf_aps_sr_pg3_1?ie=UTF8&adId=A04447472USJIOQY2P5KQ&url=%2FpTron-Studio-Wireless-Bluetooth-Headphones%2Fdp%2FB07XL8HFNC%2Fref%3Dsr_1_44_sspa%3Fdchild%3D1%26keywords%3Dheadphones%26qid%3D1619093853%26smid%3DA14CZOWI0VEHLG%26sr%3D8-44-spons%26psc%3D1&qualifier=1619093853&id=5396162185604603&widgetName=sp_mtf
56,Leaf,"  Bass Wireless Bluetooth Headphones with Hi-Fi Mic and 10 Hours Battery Life, Over Ear Headphones with Super Soft Cushions and Deep Bass (Carbon Black)",3.8 out of 5 stars,"12,149 ratings",₹ 899.00,7 Days Replacement,"Saturday, April 24",In stock.,"Brand Leaf---Manufacturer Leaf, Email: support@leafstudios.in , Phone: 011-49070232---Model Bass---Model Name Bass---Product Dimensions 17 x 7.3 x 18 cm; 210 Grams---Batteries 1 Lithium ion batteries required. (included)---Item model number Bass---Compatible Devices All Smartphones(Apple, Android, Windows etc.) having bluetooth---Special Features Volume-Control---Mounting Hardware Headphones, Manual, Warranty Card, USB Cable, AUX Cable---Number Of Items 1---Microphone Form Factor Built-In---Headphones Form Factor Over Ear---Batteries Included Yes---Batteries Required No---Battery Cell Composition Lithium Ion---Connector Type Wireless, Wired---Includes Rechargable Battery Yes---Manufacturer Leaf---Country of Origin China---Imported By LEAF INNOVATION PRIVATE LIMITED---Item Weight 210 g",https://www.amazon.in/Leaf-Wireless-Bluetooth-Headphones-Cushions/dp/B07DNTF5TQ/ref=sr_1_45?dchild=1&keywords=headphones&qid=1619093853&sr=8-45
57,Sony,"  Wireless Headphones WH-CH510: Wireless Bluetooth On-Ear Headset with Mic for phone-call, Blue",3.9 out of 5 stars,"4,921 ratings","₹ 3,025.00",7 Days Replacement,-,In stock.,"Brand Sony---Manufacturer Sony---Model WHCH510/L---Model Name WHCH510/L---Model Year 2019---Product Dimensions 19.69 x 17.15 x 4.14 cm; 132 Grams---Batteries 1 Lithium Metal batteries required. (included)---Item model number WHCH510/L---Hardware Platform Tablet, Smartphone---Special Features Wireless---Mounting Hardware Headphones---Number Of Items 1---Microphone Form Factor Built-In---Headphones Form Factor On Ear---Power Source Battery---Battery Average Life 35 Hours---Batteries Included Yes---Batteries Required Yes---Battery Cell Composition Lithium Ion---Connector Type Bluetooth---Form Factor On Ear---Includes Rechargable Battery Yes---Manufacturer Sony---Item Weight 132 g",https://www.amazon.in/Sony-Wireless-Headphones-WH-CH510-Ear/dp/B07YGZ7Q9N/ref=sr_1_46?dchild=1&keywords=headphones&qid=1619093853&sr=8-46
58,Cosmic,"  Byte GS410 Headphones with Mic and for PS5, PS4, Xbox One, Laptop, PC, iPhone and Android Phones (Blue)",4.1 out of 5 stars,"9,557 ratings","₹ 1,099.00",7 Days Replacement,"Saturday, April 24",In stock.,-,https://www.amazon.in/Cosmic-Byte-Headphones-Laptop-Android/dp/B074123WSD/ref=sr_1_47?dchild=1&keywords=headphones&qid=1619093853&sr=8-47
59,Oppo,  1 Year Warranty OG Earphone,3.5 out of 5 stars,2 ratings,₹ 399.00,7 Days Replacement,April 29 - 30,In stock.,Brand King Maker---Manufacturer oppo---Model King 232---Model Name Km 23---Item model number king 232---Special Features Lightweight---Mounting Hardware Fully copper---Number Of Items 1---Headphones Form Factor On Ear---Connector Type Wired---Manufacturer oppo---Country of Origin India,https://www.amazon.in/Oppo-Year-Warranty-OG-Earphone/dp/B091M93DQW/ref=sr_1_48?dchild=1&keywords=headphones&qid=1619093853&sr=8-48
60,pTron,"  Tangentbeat Bluetooth 5.0 Wireless Headphones with Deep Bass, Ergonomic Design, IPX4 Sweat/Waterproof Neckband, Magnetic Earbuds, Voice Assistant, Passive Noise Cancelation & Mic - (Black)",4.1 out of 5 stars,"9,225 ratings",₹ 849.00,7 Days Replacement,"Saturday, April 24",In stock.,"Brand PTron---Manufacturer Parude Technology (Shenzhen) Co., Ltd., Building A1, Red Box Creative Park, No. 3 Huancheng South Road, Bantian Street, Longgang District, Shenzhen City, China 518116.---Model Tangentbeat---Model Name Tangentbeat---Product Dimensions 8.8 x 0.9 x 0.9 cm; 26 Grams---Batteries 1 Lithium Polymer batteries required. (included)---Item model number Tangentbeat---Compatible Devices All Smartphones, Tablets & Other Bluetooth Devices---Special Features Bluetooth v5.0; Stereo Audio with Deep Bass; 10m Wireless Range; 6 Hrs Music Playtime; 7 Hrs Talk-time; IPX4 Sweat/Splash Resistant; Magnetic Earbuds; Passive Noise Cancelling; In-Ear Secure Design; Voice Assistant; Lightweight & Super Flexible; Comfortable to Wear; Music & Call Control; Built-in HD Mic; 1.5 Hours Charge Time; Micro USB Charging; 1-Year Warranty---Mounting Hardware 1 Neckband, 1 Charging Cable, 1 User Manual---Number Of Items 3---Audio Output Mode Stereo---Microphone Form Factor In-Line---Headphones Form Factor In Ear---Batteries Included Yes---Batteries Required Yes---Battery Cell Composition Lithium Polymer---Connector Type Wireless---Supported Standards Bluetooth 5.0 and A2DP support---Material Plastic---Manufacturer Parude Technology (Shenzhen) Co., Ltd.---Country of Origin China---Imported By Palred Electronics Pvt. Ltd.---Item Weight 26 g",https://www.amazon.in/Tangentbeat-Bluetooth-Headphones-Waterproof-Cancelation/dp/B08D77XZX5/ref=sr_1_49?dchild=1&keywords=headphones&qid=1619093853&sr=8-49
61,OneOdio,"  Adapter-Free Closed Back Over-Ear DJ Stereo Monitor Headphones, Professional Studio Monitor and Mixing, Telescopic Arms with Scale, Newest 50mm Neodymium Drivers -Black",4.5 out of 5 stars,"2,806 ratings","₹ 2,089.00",7 Days Replacement Only,"Tuesday, April 27",,"Brand OneOdio---Manufacturer OneOdio---Package Dimensions 17 x 14 x 9.6 cm; 410 Grams---Item part number 1---Hardware Platform MP3 Player, Tablet, Smartphone---Special Features Noise cancelling---Microphone Form Factor No Microphone---Headphones Form Factor Over Ear---Batteries Required No---Connector Type Wired---Material Plastic---Manufacturer OneOdio---Country of Origin China---Item Weight 410 g",https://www.amazon.in/OneOdio-Adapter-Free-Headphones-Professional-Telescopic/dp/B07R2BNDMH/ref=sr_1_50?dchild=1&keywords=headphones&qid=1619093853&smid=A15HWISSD0WLIS&sr=8-50
62,Zebronics,"  Zeb-Lark Wireless in Ear Neckband Earphone with BT 5.0, Rapid Fast Charging, Up to 17H Battery Life, Dual Pairing, Call Function, Splash Proof, Magnetic Earpiece (Grey)",3.4 out of 5 stars,791 ratings,₹ 798.00,7 Days Replacement,"Saturday, April 24",In stock.,"Brand ZEBRONICS---Manufacturer ZEBRONICS, ZEBRONICS INDIA PRIVATE LIMITED---Model Zeb-Lark---Model Name LARK-GRAY---Product Dimensions 3 x 11.5 x 18 cm; 24 Grams---Batteries 1 Lithium ion batteries required. (included)---Item model number Zeb-Lark---Special Features Flexible Neck Band Dual Pairing Voice Assistance Support Magnetic Earpiece---Mounting Hardware Bluetooth Earphone---Number Of Items 1---Microphone Form Factor With microphone---Headphones Form Factor In Ear---Batteries Included Yes---Batteries Required No---Battery Cell Composition Lithium Ion---Total Usb Ports 1---Connector Type Bluetooth---Manufacturer ZEBRONICS---Country of Origin China---Item Weight 24 g",https://www.amazon.in/Zebronics-Zeb-Lark-Bluetooth-Supporting-Earphone/dp/B084PJNRVB/ref=sr_1_51?dchild=1&keywords=headphones&qid=1619093853&sr=8-51
63,Techfire,"  Bluetooth Neckband, in-Ear Wireless Earphones with 12 Hour Battery Life, Fast Charging & in-Built Mic, IPX5 Sweatproof Headphones (Blue)",-,-,₹ 500.00,7 Days Replacement,"Monday, May 3",In stock.,"Brand Techfire---Manufacturer Techfire Pvt Limited,6 5,civil line Sagar Madhya Pradesh.Phone-9301927157 Support@Techfire.co.in---Model WH700 Blue---Model Name Hear in 2---Package Dimensions 5 x 5 x 5 cm; 200 Grams---Batteries 1 A batteries required. (included)---Item model number WH700 Blue---Hardware Platform PC, Tablet, Smartphone---Special Features Tangle-Free Cord, Lightweight, Noise Cancellation, Universal Phone Control, Water Resistant---Mounting Hardware 1 Bluetooth,1usb charging Cable,1 uer manual---Number Of Items 1---Headphones Form Factor In Ear---Batteries Included Yes---Batteries Required Yes---Battery Cell Composition Lithium Ion---Connector Type Wireless---Manufacturer Techfire Pvt Limited,6 5,civil line Sagar Madhya Pradesh.Phone-9301927157 Support@Techfire.co.in---Country of Origin China---Item Weight 200 g",https://www.amazon.in/Techfire-Bluetooth-Sweatproof-Headphones-Blue/dp/B092693CL4/ref=sr_1_52?dchild=1&keywords=headphones&qid=1619093853&sr=8-52
64,One,  Plus Buds (Gray),-,-,"₹ 1,199.00",Not Returnable,April 28 - 30,Only 2 left in stock.,-,https://www.amazon.in/gp/slredirect/picassoRedirect.html/ref=pa_sp_btf_aps_sr_pg3_1?ie=UTF8&adId=A08465491K685CWYDBYME&url=%2FGeneric-One-Plus-Buds-Gray%2Fdp%2FB091MXH77R%2Fref%3Dsr_1_53_sspa%3Fdchild%3D1%26keywords%3Dheadphones%26qid%3D1619093853%26sr%3D8-53-spons%26psc%3D1&qualifier=1619093853&id=5396162185604603&widgetName=sp_btf
65,TCL,"  ELIT400NC Wireless On-Ear Headphones Hi-Res Noise Cancelling Bluetooth Headphones with 22 Hour Playtime and Fast Charge – Cement Gray, ELIT400NCWT",3.7 out of 5 stars,17 ratings,"₹ 6,999.00",7 Days Replacement,"Saturday, April 24",,"Brand TCL---Manufacturer TCL, TCL---Model ELIT400NCWT---Model Name ELIT400NCWT---Model Year 2020---Product Dimensions 4.8 x 19.51 x 22.5 cm; 397 Grams---Batteries 1 Lithium Polymer batteries required. (included)---Item model number ELIT400NCWT---Special Features Noise Cancellation, Volume-Control, Foldable---Mounting Hardware The ELIT400NC Headset, USB charging cable, optional 3; 5mm audio cable, and information Guide---Number Of Items 1---Microphone Form Factor Built-In---Headphones Form Factor Over Ear---Batteries Included Yes---Batteries Required Yes---Battery Cell Composition Lithium Polymer---Connector Type Wireless---Includes Rechargable Battery Yes---Manufacturer TCL---Country of Origin China---Item Weight 397 g",https://www.amazon.in/gp/slredirect/picassoRedirect.html/ref=pa_sp_btf_aps_sr_pg3_1?ie=UTF8&adId=A02255491LPBYIHTG8P33&url=%2FTCL-ELIT400NC-Headphones-Cancelling-Bluetooth%2Fdp%2FB07PP5R1PS%2Fref%3Dsr_1_54_sspa%3Fdchild%3D1%26keywords%3Dheadphones%26qid%3D1619093853%26smid%3DA14CZOWI0VEHLG%26sr%3D8-54-spons%26psc%3D1&qualifier=1619093853&id=5396162185604603&widgetName=sp_btf
